0, Thu 07/27/23 15:32:54
0, Thu 07/27/23 15:32:54
0, Thu 07/27/23 15:32:54
0, Thu 07/27/23 15:32:54
0, Thu 07/27/23 15:32:54
0, Thu 07/27/23 15:32:54
0, Thu 07/27/23 15:32:54
0, Thu 07/27/23 15:32:54
0, Thu 07/27/23 15:33:25
0, Thu 07/27/23 15:36:08
0, Thu 07/27/23 15:36:08
0, Thu 07/27/23 15:36:08
0, Thu 07/27/23 15:36:08
0, Thu 07/27/23 15:39:43
0, Thu 07/27/23 15:39:43
0, Thu 07/27/23 15:39:43
0, Thu 07/27/23 15:39:43
0, Thu 07/27/23 15:39:52
0, Thu 07/27/23 15:41:28
0, Thu 07/27/23 15:41:28
0, Thu 07/27/23 15:41:52
0, Thu 07/27/23 15:42:52
0, Thu 07/27/23 15:43:22
0, Thu 07/27/23 15:44:38
0, Thu 07/27/23 15:45:08
0, Thu 07/27/23 15:46:08
0, Thu 07/27/23 15:46:38
1, Thu 07/27/23 15:48:43
0, Thu 07/27/23 15:49:13
0, Thu 07/27/23 15:50:13
0, Thu 07/27/23 15:50:43
0, Thu 07/27/23 15:51:43
0, Thu 07/27/23 15:52:44
